SETTINGS,TIMESTAMP,UUID
pop-music,26-Oct-2021 09:22:46,a923-45b7-gh12-2919
pop-music,26-Oct-2021 09:22:50,a923-45b7-gh12-2921
pop-music,26-Oct-2021 09:22:55,a923-45b7-gh12-2923
pop-music,26-Oct-2021 09:22:58,a923-45b7-gh12-2925
pop-music,26-Oct-2021 09:23:02,a923-45b7-gh12-2927
pop-music,26-Oct-2021 09:23:07,a923-45b7-gh12-2929
pop-music,26-Oct-2021 09:23:11,a923-45b7-gh12-2931
pop-music,26-Oct-2021 09:23:14,a923-45b7-gh12-2933
pop-music,26-Oct-2021 09:23:18,a923-45b7-gh12-2935
pop-music,26-Oct-2021 09:23:22,a923-45b7-gh12-2937
pop-music,26-Oct-2021 09:23:27,a923-45b7-gh12-2939
pop-music,26-Oct-2021 09:23:31,a923-45b7-gh12-2941
pop-music,26-Oct-2021 09:23:35,a923-45b7-gh12-2943
pop-music,26-Oct-2021 09:23:38,a923-45b7-gh12-2945
pop-music,26-Oct-2021 09:23:43,a923-45b7-gh12-2947
pop-music,26-Oct-2021 09:23:47,a923-45b7-gh12-2949
pop-music,26-Oct-2021 09:23:51,a923-45b7-gh12-2951
pop-music,26-Oct-2021 09:23:54,a923-45b7-gh12-2953
pop-music,26-Oct-2021 09:23:59,a923-45b7-gh12-2955
pop-music,26-Oct-2021 09:24:02,a923-45b7-gh12-2957
pop-music,26-Oct-2021 09:24:06,a923-45b7-gh12-2959
pop-music,26-Oct-2021 09:24:10,a923-45b7-gh12-2961
pop-music,26-Oct-2021 09:24:14,a923-45b7-gh12-2963
pop-music,26-Oct-2021 09:24:19,a923-45b7-gh12-2965
pop-music,26-Oct-2021 09:24:22,a923-45b7-gh12-2967
pop-music,26-Oct-2021 09:24:26,a923-45b7-gh12-2969
pop-music,26-Oct-2021 09:24:30,a923-45b7-gh12-2971
pop-music,26-Oct-2021 09:24:34,a923-45b7-gh12-2973
pop-music,26-Oct-2021 09:24:38,a923-45b7-gh12-2975
pop-music,26-Oct-2021 09:24:42,a923-45b7-gh12-2977
pop-music,26-Oct-2021 09:24:47,a923-45b7-gh12-2979
pop-music,26-Oct-2021 09:24:51,a923-45b7-gh12-2981
pop-music,26-Oct-2021 09:24:55,a923-45b7-gh12-2983
pop-music,26-Oct-2021 09:24:59,a923-45b7-gh12-2985
pop-music,26-Oct-2021 09:25:03,a923-45b7-gh12-2987
pop-music,26-Oct-2021 09:25:06,a923-45b7-gh12-2989
pop-music,26-Oct-2021 09:25:11,a923-45b7-gh12-2991
pop-music,26-Oct-2021 09:25:15,a923-45b7-gh12-2993
pop-music,26-Oct-2021 09:25:19,a923-45b7-gh12-2995
pop-music,26-Oct-2021 09:25:22,a923-45b7-gh12-2997
pop-music,26-Oct-2021 09:25:26,a923-45b7-gh12-2999
pop-music,26-Oct-2021 09:25:31,a923-45b7-gh12-3001
pop-music,26-Oct-2021 09:25:35,a923-45b7-gh12-3003
pop-music,26-Oct-2021 09:25:38,a923-45b7-gh12-3005
pop-music,26-Oct-2021 09:25:42,a923-45b7-gh12-3007
pop-music,26-Oct-2021 09:25:46,a923-45b7-gh12-3009
pop-music,26-Oct-2021 09:25:50,a923-45b7-gh12-3011
pop-music,26-Oct-2021 09:25:54,a923-45b7-gh12-3013
pop-music,26-Oct-2021 09:25:58,a923-45b7-gh12-3015
pop-music,26-Oct-2021 09:26:03,a923-45b7-gh12-3017
pop-music,26-Oct-2021 09:26:06,a923-45b7-gh12-3019
pop-music,26-Oct-2021 09:26:11,a923-45b7-gh12-3021
pop-music,26-Oct-2021 09:26:14,a923-45b7-gh12-3023
pop-music,26-Oct-2021 09:26:18,a923-45b7-gh12-3025
pop-music,26-Oct-2021 09:26:22,a923-45b7-gh12-3027
pop-music,26-Oct-2021 09:26:27,a923-45b7-gh12-3029
pop-music,26-Oct-2021 09:26:31,a923-45b7-gh12-3031
pop-music,26-Oct-2021 09:26:35,a923-45b7-gh12-3033
pop-music,26-Oct-2021 09:26:39,a923-45b7-gh12-3035
pop-music,26-Oct-2021 09:26:43,a923-45b7-gh12-3037
pop-music,26-Oct-2021 09:26:47,a923-45b7-gh12-3039
pop-music,26-Oct-2021 09:26:51,a923-45b7-gh12-3041
pop-music,26-Oct-2021 09:26:54,a923-45b7-gh12-3043
pop-music,26-Oct-2021 09:26:58,a923-45b7-gh12-3045
pop-music,26-Oct-2021 09:27:02,a923-45b7-gh12-3047
pop-music,26-Oct-2021 09:27:06,a923-45b7-gh12-3049
pop-music,26-Oct-2021 09:27:11,a923-45b7-gh12-3051
pop-music,26-Oct-2021 09:27:14,a923-45b7-gh12-3053
pop-music,26-Oct-2021 09:27:19,a923-45b7-gh12-3055
pop-music,26-Oct-2021 09:27:23,a923-45b7-gh12-3057
pop-music,26-Oct-2021 09:27:26,a923-45b7-gh12-3059
pop-music,26-Oct-2021 09:27:30,a923-45b7-gh12-3061
pop-music,26-Oct-2021 09:27:35,a923-45b7-gh12-3063
pop-music,26-Oct-2021 09:27:38,a923-45b7-gh12-3065
pop-music,26-Oct-2021 09:27:42,a923-45b7-gh12-3067
pop-music,26-Oct-2021 09:27:47,a923-45b7-gh12-3069
pop-music,26-Oct-2021 09:27:51,a923-45b7-gh12-3071
pop-music,26-Oct-2021 09:27:55,a923-45b7-gh12-3073
pop-music,26-Oct-2021 09:27:58,a923-45b7-gh12-3075
pop-music,26-Oct-2021 09:28:02,a923-45b7-gh12-3077
pop-music,26-Oct-2021 09:28:07,a923-45b7-gh12-3079
pop-music,26-Oct-2021 09:28:10,a923-45b7-gh12-3081
pop-music,26-Oct-2021 09:28:14,a923-45b7-gh12-3083
pop-music,26-Oct-2021 09:28:19,a923-45b7-gh12-3085
pop-music,26-Oct-2021 09:28:23,a923-45b7-gh12-3087
pop-music,26-Oct-2021 09:28:26,a923-45b7-gh12-3089
pop-music,26-Oct-2021 09:28:30,a923-45b7-gh12-3091
pop-music,26-Oct-2021 09:28:35,a923-45b7-gh12-3093
pop-music,26-Oct-2021 09:28:39,a923-45b7-gh12-3095
pop-music,26-Oct-2021 09:28:43,a923-45b7-gh12-3097
pop-music,26-Oct-2021 09:28:47,a923-45b7-gh12-3099
pop-music,26-Oct-2021 09:28:51,a923-45b7-gh12-3101
pop-music,26-Oct-2021 09:28:54,a923-45b7-gh12-3103
pop-music,26-Oct-2021 09:28:59,a923-45b7-gh12-3105
pop-music,26-Oct-2021 09:29:03,a923-45b7-gh12-3107
pop-music,26-Oct-2021 09:29:07,a923-45b7-gh12-3109
pop-music,26-Oct-2021 09:29:10,a923-45b7-gh12-3111
pop-music,26-Oct-2021 09:29:15,a923-45b7-gh12-3113
pop-music,26-Oct-2021 09:29:18,a923-45b7-gh12-3115
pop-music,26-Oct-2021 09:29:23,a923-45b7-gh12-3117
pop-music,26-Oct-2021 09:29:27,a923-45b7-gh12-3119
pop-music,26-Oct-2021 09:29:31,a923-45b7-gh12-3121
pop-music,26-Oct-2021 09:29:34,a923-45b7-gh12-3123
pop-music,26-Oct-2021 09:29:39,a923-45b7-gh12-3125
pop-music,26-Oct-2021 09:29:42,a923-45b7-gh12-3127
pop-music,26-Oct-2021 09:29:47,a923-45b7-gh12-3129
pop-music,26-Oct-2021 09:29:51,a923-45b7-gh12-3131
pop-music,26-Oct-2021 09:29:54,a923-45b7-gh12-3133
pop-music,26-Oct-2021 09:29:59,a923-45b7-gh12-3135
pop-music,26-Oct-2021 09:30:02,a923-45b7-gh12-3137
pop-music,26-Oct-2021 09:30:06,a923-45b7-gh12-3139
pop-music,26-Oct-2021 09:30:10,a923-45b7-gh12-3141
pop-music,26-Oct-2021 09:30:14,a923-45b7-gh12-3143
pop-music,26-Oct-2021 09:30:18,a923-45b7-gh12-3145
pop-music,26-Oct-2021 09:30:23,a923-45b7-gh12-3147
pop-music,26-Oct-2021 09:30:27,a923-45b7-gh12-3149
pop-music,26-Oct-2021 09:30:30,a923-45b7-gh12-3151
pop-music,26-Oct-2021 09:30:35,a923-45b7-gh12-3153
pop-music,26-Oct-2021 09:30:38,a923-45b7-gh12-3155
pop-music,26-Oct-2021 09:30:42,a923-45b7-gh12-3157
pop-music,26-Oct-2021 09:30:46,a923-45b7-gh12-3159
pop-music,26-Oct-2021 09:30:50,a923-45b7-gh12-3161
pop-music,26-Oct-2021 09:30:55,a923-45b7-gh12-3163
pop-music,26-Oct-2021 09:30:59,a923-45b7-gh12-3165
pop-music,26-Oct-2021 09:31:02,a923-45b7-gh12-3167
pop-music,26-Oct-2021 09:31:06,a923-45b7-gh12-3169
pop-music,26-Oct-2021 09:31:10,a923-45b7-gh12-3171
pop-music,26-Oct-2021 09:31:14,a923-45b7-gh12-3173
pop-music,26-Oct-2021 09:31:18,a923-45b7-gh12-3175
pop-music,26-Oct-2021 09:31:22,a923-45b7-gh12-3177
pop-music,26-Oct-2021 09:31:26,a923-45b7-gh12-3179
pop-music,26-Oct-2021 09:31:31,a923-45b7-gh12-3181
pop-music,26-Oct-2021 09:31:34,a923-45b7-gh12-3183
pop-music,26-Oct-2021 09:31:39,a923-45b7-gh12-3185
pop-music,26-Oct-2021 09:31:42,a923-45b7-gh12-3187
pop-music,26-Oct-2021 09:31:47,a923-45b7-gh12-3189
pop-music,26-Oct-2021 09:31:50,a923-45b7-gh12-3191
pop-music,26-Oct-2021 09:31:55,a923-45b7-gh12-3193
pop-music,26-Oct-2021 09:31:59,a923-45b7-gh12-3195
pop-music,26-Oct-2021 09:32:02,a923-45b7-gh12-3197
pop-music,26-Oct-2021 09:32:06,a923-45b7-gh12-3199
pop-music,26-Oct-2021 09:32:10,a923-45b7-gh12-3201
pop-music,26-Oct-2021 09:32:14,a923-45b7-gh12-3203
pop-music,26-Oct-2021 09:32:18,a923-45b7-gh12-3205
pop-music,26-Oct-2021 09:32:22,a923-45b7-gh12-3207
pop-music,26-Oct-2021 09:32:26,a923-45b7-gh12-3209
pop-music,26-Oct-2021 09:32:30,a923-45b7-gh12-3211
pop-music,26-Oct-2021 09:32:34,a923-45b7-gh12-3213
pop-music,26-Oct-2021 09:32:38,a923-45b7-gh12-3215
pop-music,26-Oct-2021 09:32:43,a923-45b7-gh12-3217
pop-music,26-Oct-2021 09:32:46,a923-45b7-gh12-3219
pop-music,26-Oct-2021 09:32:51,a923-45b7-gh12-3221
pop-music,26-Oct-2021 09:32:54,a923-45b7-gh12-3223
pop-music,26-Oct-2021 09:32:59,a923-45b7-gh12-3225
pop-music,26-Oct-2021 09:33:03,a923-45b7-gh12-3227
pop-music,26-Oct-2021 09:33:06,a923-45b7-gh12-3229
pop-music,26-Oct-2021 09:33:10,a923-45b7-gh12-3231
pop-music,26-Oct-2021 09:33:14,a923-45b7-gh12-3233
pop-music,26-Oct-2021 09:33:19,a923-45b7-gh12-3235
pop-music,26-Oct-2021 09:33:22,a923-45b7-gh12-3237
pop-music,26-Oct-2021 09:33:26,a923-45b7-gh12-3239
pop-music,26-Oct-2021 09:33:31,a923-45b7-gh12-3241
pop-music,26-Oct-2021 09:33:34,a923-45b7-gh12-3243
pop-music,26-Oct-2021 09:33:38,a923-45b7-gh12-3245
pop-music,26-Oct-2021 09:33:43,a923-45b7-gh12-3247
pop-music,26-Oct-2021 09:33:46,a923-45b7-gh12-3249
pop-music,26-Oct-2021 09:33:51,a923-45b7-gh12-3251
pop-music,26-Oct-2021 09:33:55,a923-45b7-gh12-3253
pop-music,26-Oct-2021 09:33:59,a923-45b7-gh12-3255
pop-music,26-Oct-2021 09:34:02,a923-45b7-gh12-3257
pop-music,26-Oct-2021 09:34:06,a923-45b7-gh12-3259
pop-music,26-Oct-2021 09:34:10,a923-45b7-gh12-3261
pop-music,26-Oct-2021 09:34:14,a923-45b7-gh12-3263
pop-music,26-Oct-2021 09:34:18,a923-45b7-gh12-3265
pop-music,26-Oct-2021 09:34:22,a923-45b7-gh12-3267
pop-music,26-Oct-2021 09:34:26,a923-45b7-gh12-3269
pop-music,26-Oct-2021 09:34:31,a923-45b7-gh12-3271
pop-music,26-Oct-2021 09:34:34,a923-45b7-gh12-3273
pop-music,26-Oct-2021 09:34:39,a923-45b7-gh12-3275
pop-music,26-Oct-2021 09:34:43,a923-45b7-gh12-3277
pop-music,26-Oct-2021 09:34:47,a923-45b7-gh12-3279
pop-music,26-Oct-2021 09:34:51,a923-45b7-gh12-3281
pop-music,26-Oct-2021 09:34:54,a923-45b7-gh12-3283
pop-music,26-Oct-2021 09:34:58,a923-45b7-gh12-3285
pop-music,26-Oct-2021 09:35:03,a923-45b7-gh12-3287
pop-music,26-Oct-2021 09:35:07,a923-45b7-gh12-3289
pop-music,26-Oct-2021 09:35:10,a923-45b7-gh12-3291
pop-music,26-Oct-2021 09:35:15,a923-45b7-gh12-3293
pop-music,26-Oct-2021 09:35:19,a923-45b7-gh12-3295
pop-music,26-Oct-2021 09:35:22,a923-45b7-gh12-3297
pop-music,26-Oct-2021 09:35:26,a923-45b7-gh12-3299
pop-music,26-Oct-2021 09:35:31,a923-45b7-gh12-3301
pop-music,26-Oct-2021 09:35:35,a923-45b7-gh12-3303
pop-music,26-Oct-2021 09:35:39,a923-45b7-gh12-3305
pop-music,26-Oct-2021 09:35:42,a923-45b7-gh12-3307
pop-music,26-Oct-2021 09:35:46,a923-45b7-gh12-3309
pop-music,26-Oct-2021 09:35:50,a923-45b7-gh12-3311
pop-music,26-Oct-2021 09:35:55,a923-45b7-gh12-3313
pop-music,26-Oct-2021 09:35:58,a923-45b7-gh12-3315
pop-music,26-Oct-2021 09:36:03,a923-45b7-gh12-3317
pop-music,26-Oct-2021 09:36:06,a923-45b7-gh12-3319
pop-music,26-Oct-2021 09:36:10,a923-45b7-gh12-3321
pop-music,26-Oct-2021 09:36:15,a923-45b7-gh12-3323
pop-music,26-Oct-2021 09:36:19,a923-45b7-gh12-3325
pop-music,26-Oct-2021 09:36:23,a923-45b7-gh12-3327
pop-music,26-Oct-2021 09:36:26,a923-45b7-gh12-3329
pop-music,26-Oct-2021 09:36:31,a923-45b7-gh12-3331
pop-music,26-Oct-2021 09:36:35,a923-45b7-gh12-3333
pop-music,26-Oct-2021 09:36:39,a923-45b7-gh12-3335
pop-music,26-Oct-2021 09:36:42,a923-45b7-gh12-3337
pop-music,26-Oct-2021 09:36:46,a923-45b7-gh12-3339
pop-music,26-Oct-2021 09:36:50,a923-45b7-gh12-3341
pop-music,26-Oct-2021 09:36:55,a923-45b7-gh12-3343
pop-music,26-Oct-2021 09:36:59,a923-45b7-gh12-3345
pop-music,26-Oct-2021 09:37:02,a923-45b7-gh12-3347
pop-music,26-Oct-2021 09:37:07,a923-45b7-gh12-3349
pop-music,26-Oct-2021 09:37:10,a923-45b7-gh12-3351
pop-music,26-Oct-2021 09:37:15,a923-45b7-gh12-3353
pop-music,26-Oct-2021 09:37:19,a923-45b7-gh12-3355
pop-music,26-Oct-2021 09:37:23,a923-45b7-gh12-3357
pop-music,26-Oct-2021 09:37:26,a923-45b7-gh12-3359
pop-music,26-Oct-2021 09:37:30,a923-45b7-gh12-3361
pop-music,26-Oct-2021 09:37:34,a923-45b7-gh12-3363
pop-music,26-Oct-2021 09:37:39,a923-45b7-gh12-3365
pop-music,26-Oct-2021 09:37:43,a923-45b7-gh12-3367
pop-music,26-Oct-2021 09:37:47,a923-45b7-gh12-3369
pop-music,26-Oct-2021 09:37:51,a923-45b7-gh12-3371
pop-music,26-Oct-2021 09:37:54,a923-45b7-gh12-3373
pop-music,26-Oct-2021 09:37:58,a923-45b7-gh12-3375
pop-music,26-Oct-2021 09:38:02,a923-45b7-gh12-3377
pop-music,26-Oct-2021 09:38:06,a923-45b7-gh12-3379
pop-music,26-Oct-2021 09:38:11,a923-45b7-gh12-3381
pop-music,26-Oct-2021 09:38:14,a923-45b7-gh12-3383
pop-music,26-Oct-2021 09:38:19,a923-45b7-gh12-3385
pop-music,26-Oct-2021 09:38:22,a923-45b7-gh12-3387
pop-music,26-Oct-2021 09:38:26,a923-45b7-gh12-3389
pop-music,26-Oct-2021 09:38:30,a923-45b7-gh12-3391
pop-music,26-Oct-2021 09:38:35,a923-45b7-gh12-3393
pop-music,26-Oct-2021 09:38:39,a923-45b7-gh12-3395
pop-music,26-Oct-2021 09:38:42,a923-45b7-gh12-3397
pop-music,26-Oct-2021 09:38:46,a923-45b7-gh12-3399
pop-music,26-Oct-2021 09:38:50,a923-45b7-gh12-3401
pop-music,26-Oct-2021 09:38:54,a923-45b7-gh12-3403
pop-music,26-Oct-2021 09:38:58,a923-45b7-gh12-3405
pop-music,26-Oct-2021 09:39:02,a923-45b7-gh12-3407
pop-music,26-Oct-2021 09:39:06,a923-45b7-gh12-3409
pop-music,26-Oct-2021 09:39:11,a923-45b7-gh12-3411
pop-music,26-Oct-2021 09:39:14,a923-45b7-gh12-3413
pop-music,26-Oct-2021 09:39:19,a923-45b7-gh12-3415
pop-music,26-Oct-2021 09:39:23,a923-45b7-gh12-3417
pop-music,26-Oct-2021 09:39:26,a923-45b7-gh12-3419
pop-music,26-Oct-2021 09:39:31,a923-45b7-gh12-3421
pop-music,26-Oct-2021 09:39:34,a923-45b7-gh12-3423
pop-music,26-Oct-2021 09:39:39,a923-45b7-gh12-3425
pop-music,26-Oct-2021 09:39:42,a923-45b7-gh12-3427
pop-music,26-Oct-2021 09:39:47,a923-45b7-gh12-3429
pop-music,26-Oct-2021 09:39:51,a923-45b7-gh12-3431
pop-music,26-Oct-2021 09:39:54,a923-45b7-gh12-3433
pop-music,26-Oct-2021 09:39:59,a923-45b7-gh12-3435
pop-music,26-Oct-2021 09:40:03,a923-45b7-gh12-3437
pop-music,26-Oct-2021 09:40:07,a923-45b7-gh12-3439
pop-music,26-Oct-2021 09:40:11,a923-45b7-gh12-3441
pop-music,26-Oct-2021 09:40:15,a923-45b7-gh12-3443
pop-music,26-Oct-2021 09:40:18,a923-45b7-gh12-3445
pop-music,26-Oct-2021 09:40:22,a923-45b7-gh12-3447
pop-music,26-Oct-2021 09:40:26,a923-45b7-gh12-3449
pop-music,26-Oct-2021 09:40:30,a923-45b7-gh12-3451
pop-music,26-Oct-2021 09:40:35,a923-45b7-gh12-3453
pop-music,26-Oct-2021 09:40:38,a923-45b7-gh12-3455
pop-music,26-Oct-2021 09:40:42,a923-45b7-gh12-3457
pop-music,26-Oct-2021 09:40:46,a923-45b7-gh12-3459
pop-music,26-Oct-2021 09:40:51,a923-45b7-gh12-3461
pop-music,26-Oct-2021 09:40:54,a923-45b7-gh12-3463
pop-music,26-Oct-2021 09:40:59,a923-45b7-gh12-3465
pop-music,26-Oct-2021 09:41:03,a923-45b7-gh12-3467
pop-music,26-Oct-2021 09:41:07,a923-45b7-gh12-3469
pop-music,26-Oct-2021 09:41:10,a923-45b7-gh12-3471
pop-music,26-Oct-2021 09:41:14,a923-45b7-gh12-3473
pop-music,26-Oct-2021 09:41:19,a923-45b7-gh12-3475
pop-music,26-Oct-2021 09:41:23,a923-45b7-gh12-3477
pop-music,26-Oct-2021 09:41:27,a923-45b7-gh12-3479
pop-music,26-Oct-2021 09:41:30,a923-45b7-gh12-3481
pop-music,26-Oct-2021 09:41:35,a923-45b7-gh12-3483
pop-music,26-Oct-2021 09:41:38,a923-45b7-gh12-3485
pop-music,26-Oct-2021 09:41:42,a923-45b7-gh12-3487
pop-music,26-Oct-2021 09:41:47,a923-45b7-gh12-3489
pop-music,26-Oct-2021 09:41:51,a923-45b7-gh12-3491
ambient-music,27-Oct-2021 12:15:29,a923-45b7-gh12-1854
ambient-music,27-Oct-2021 12:15:34,a923-45b7-gh12-1856
ambient-music,27-Oct-2021 12:15:38,a923-45b7-gh12-1858
ambient-music,27-Oct-2021 12:15:41,a923-45b7-gh12-1860
ambient-music,27-Oct-2021 12:15:45,a923-45b7-gh12-1862
ambient-music,27-Oct-2021 12:15:50,a923-45b7-gh12-1864
ambient-music,27-Oct-2021 12:15:54,a923-45b7-gh12-1866
ambient-music,27-Oct-2021 12:15:57,a923-45b7-gh12-1868
ambient-music,27-Oct-2021 12:16:02,a923-45b7-gh12-1870
ambient-music,27-Oct-2021 12:16:05,a923-45b7-gh12-1872
ambient-music,27-Oct-2021 12:16:09,a923-45b7-gh12-1874
ambient-music,27-Oct-2021 12:16:13,a923-45b7-gh12-1876
ambient-music,27-Oct-2021 12:16:18,a923-45b7-gh12-1878
ambient-music,27-Oct-2021 12:16:22,a923-45b7-gh12-1880
ambient-music,27-Oct-2021 12:16:25,a923-45b7-gh12-1882
ambient-music,27-Oct-2021 12:16:29,a923-45b7-gh12-1884
ambient-music,27-Oct-2021 12:16:34,a923-45b7-gh12-1886
ambient-music,27-Oct-2021 12:16:37,a923-45b7-gh12-1888
ambient-music,27-Oct-2021 12:16:42,a923-45b7-gh12-1890
ambient-music,27-Oct-2021 12:16:45,a923-45b7-gh12-1892
ambient-music,27-Oct-2021 12:16:49,a923-45b7-gh12-1894
ambient-music,27-Oct-2021 12:16:53,a923-45b7-gh12-1896
ambient-music,27-Oct-2021 12:16:58,a923-45b7-gh12-1898
ambient-music,27-Oct-2021 12:17:01,a923-45b7-gh12-1900
ambient-music,27-Oct-2021 12:17:06,a923-45b7-gh12-1902
ambient-music,27-Oct-2021 12:17:09,a923-45b7-gh12-1904
ambient-music,27-Oct-2021 12:17:14,a923-45b7-gh12-1906
ambient-music,27-Oct-2021 12:17:18,a923-45b7-gh12-1908
ambient-music,27-Oct-2021 12:17:21,a923-45b7-gh12-1910
ambient-music,27-Oct-2021 12:17:26,a923-45b7-gh12-1912
ambient-music,27-Oct-2021 12:17:29,a923-45b7-gh12-1914
ambient-music,27-Oct-2021 12:17:33,a923-45b7-gh12-1916
ambient-music,27-Oct-2021 12:17:37,a923-45b7-gh12-1918
ambient-music,27-Oct-2021 12:17:42,a923-45b7-gh12-1920
ambient-music,27-Oct-2021 12:17:46,a923-45b7-gh12-1922
ambient-music,27-Oct-2021 12:17:50,a923-45b7-gh12-1924
ambient-music,27-Oct-2021 12:17:54,a923-45b7-gh12-1926
ambient-music,27-Oct-2021 12:17:57,a923-45b7-gh12-1928
ambient-music,27-Oct-2021 12:18:02,a923-45b7-gh12-1930
ambient-music,27-Oct-2021 12:18:05,a923-45b7-gh12-1932
ambient-music,27-Oct-2021 12:18:09,a923-45b7-gh12-1934
ambient-music,27-Oct-2021 12:18:14,a923-45b7-gh12-1936
ambient-music,27-Oct-2021 12:18:17,a923-45b7-gh12-1938
ambient-music,27-Oct-2021 12:18:21,a923-45b7-gh12-1940
ambient-music,27-Oct-2021 12:18:25,a923-45b7-gh12-1942
ambient-music,27-Oct-2021 12:18:29,a923-45b7-gh12-1944
ambient-music,27-Oct-2021 12:18:34,a923-45b7-gh12-1946
ambient-music,27-Oct-2021 12:18:38,a923-45b7-gh12-1948
ambient-music,27-Oct-2021 12:18:41,a923-45b7-gh12-1950
ambient-music,27-Oct-2021 12:18:46,a923-45b7-gh12-1952
ambient-music,27-Oct-2021 12:18:50,a923-45b7-gh12-1954
ambient-music,27-Oct-2021 12:18:53,a923-45b7-gh12-1956
ambient-music,27-Oct-2021 12:18:57,a923-45b7-gh12-1958
ambient-music,27-Oct-2021 12:19:01,a923-45b7-gh12-1960
ambient-music,27-Oct-2021 12:19:05,a923-45b7-gh12-1962
ambient-music,27-Oct-2021 12:19:10,a923-45b7-gh12-1964
ambient-music,27-Oct-2021 12:19:13,a923-45b7-gh12-1966
ambient-music,27-Oct-2021 12:19:17,a923-45b7-gh12-1968
ambient-music,27-Oct-2021 12:19:21,a923-45b7-gh12-1970
ambient-music,27-Oct-2021 12:19:25,a923-45b7-gh12-1972
ambient-music,27-Oct-2021 12:19:30,a923-45b7-gh12-1974
ambient-music,27-Oct-2021 12:19:33,a923-45b7-gh12-1976
ambient-music,27-Oct-2021 12:19:37,a923-45b7-gh12-1978
ambient-music,27-Oct-2021 12:19:41,a923-45b7-gh12-1980
ambient-music,27-Oct-2021 12:19:46,a923-45b7-gh12-1982
ambient-music,27-Oct-2021 12:19:49,a923-45b7-gh12-1984
ambient-music,27-Oct-2021 12:19:54,a923-45b7-gh12-1986
ambient-music,27-Oct-2021 12:19:57,a923-45b7-gh12-1988
ambient-music,27-Oct-2021 12:20:02,a923-45b7-gh12-1990
ambient-music,27-Oct-2021 12:20:06,a923-45b7-gh12-1992
ambient-music,27-Oct-2021 12:20:09,a923-45b7-gh12-1994
ambient-music,27-Oct-2021 12:20:14,a923-45b7-gh12-1996
ambient-music,27-Oct-2021 12:20:17,a923-45b7-gh12-1998
ambient-music,27-Oct-2021 12:20:21,a923-45b7-gh12-2000
ambient-music,27-Oct-2021 12:20:26,a923-45b7-gh12-2002
ambient-music,27-Oct-2021 12:20:30,a923-45b7-gh12-2004
ambient-music,27-Oct-2021 12:20:34,a923-45b7-gh12-2006
ambient-music,27-Oct-2021 12:20:37,a923-45b7-gh12-2008
ambient-music,27-Oct-2021 12:20:42,a923-45b7-gh12-2010
ambient-music,27-Oct-2021 12:20:45,a923-45b7-gh12-2012
ambient-music,27-Oct-2021 12:20:49,a923-45b7-gh12-2014
ambient-music,27-Oct-2021 12:20:53,a923-45b7-gh12-2016
ambient-music,27-Oct-2021 12:20:57,a923-45b7-gh12-2018
ambient-music,27-Oct-2021 12:21:02,a923-45b7-gh12-2020
ambient-music,27-Oct-2021 12:21:06,a923-45b7-gh12-2022
ambient-music,27-Oct-2021 12:21:09,a923-45b7-gh12-2024
ambient-music,27-Oct-2021 12:21:13,a923-45b7-gh12-2026
ambient-music,27-Oct-2021 12:21:18,a923-45b7-gh12-2028
ambient-music,27-Oct-2021 12:21:22,a923-45b7-gh12-2030
ambient-music,27-Oct-2021 12:21:25,a923-45b7-gh12-2032
ambient-music,27-Oct-2021 12:21:30,a923-45b7-gh12-2034
ambient-music,27-Oct-2021 12:21:33,a923-45b7-gh12-2036
ambient-music,27-Oct-2021 12:21:38,a923-45b7-gh12-2038
ambient-music,27-Oct-2021 12:21:42,a923-45b7-gh12-2040
ambient-music,27-Oct-2021 12:21:45,a923-45b7-gh12-2042
ambient-music,27-Oct-2021 12:21:49,a923-45b7-gh12-2044
ambient-music,27-Oct-2021 12:21:53,a923-45b7-gh12-2046
ambient-music,27-Oct-2021 12:21:58,a923-45b7-gh12-2048
ambient-music,27-Oct-2021 12:22:01,a923-45b7-gh12-2050
ambient-music,27-Oct-2021 12:22:06,a923-45b7-gh12-2052
ambient-music,27-Oct-2021 12:22:09,a923-45b7-gh12-2054
ambient-music,27-Oct-2021 12:22:13,a923-45b7-gh12-2056
ambient-music,27-Oct-2021 12:22:17,a923-45b7-gh12-2058
ambient-music,27-Oct-2021 12:22:22,a923-45b7-gh12-2060
ambient-music,27-Oct-2021 12:22:25,a923-45b7-gh12-2062
ambient-music,27-Oct-2021 12:22:29,a923-45b7-gh12-2064
ambient-music,27-Oct-2021 12:22:33,a923-45b7-gh12-2066
ambient-music,27-Oct-2021 12:22:38,a923-45b7-gh12-2068
ambient-music,27-Oct-2021 12:22:42,a923-45b7-gh12-2070
ambient-music,27-Oct-2021 12:22:45,a923-45b7-gh12-2072
ambient-music,27-Oct-2021 12:22:50,a923-45b7-gh12-2074
ambient-music,27-Oct-2021 12:22:54,a923-45b7-gh12-2076
ambient-music,27-Oct-2021 12:22:57,a923-45b7-gh12-2078
ambient-music,27-Oct-2021 12:23:01,a923-45b7-gh12-2080
ambient-music,27-Oct-2021 12:23:05,a923-45b7-gh12-2082
ambient-music,27-Oct-2021 12:23:09,a923-45b7-gh12-2084
ambient-music,27-Oct-2021 12:23:14,a923-45b7-gh12-2086
ambient-music,27-Oct-2021 12:23:18,a923-45b7-gh12-2088
ambient-music,27-Oct-2021 12:23:21,a923-45b7-gh12-2090
ambient-music,27-Oct-2021 12:23:26,a923-45b7-gh12-2092
ambient-music,27-Oct-2021 12:23:29,a923-45b7-gh12-2094
ambient-music,27-Oct-2021 12:23:34,a923-45b7-gh12-2096
ambient-music,27-Oct-2021 12:23:37,a923-45b7-gh12-2098
ambient-music,27-Oct-2021 12:23:42,a923-45b7-gh12-2100
ambient-music,27-Oct-2021 12:23:46,a923-45b7-gh12-2102
ambient-music,27-Oct-2021 12:23:49,a923-45b7-gh12-2104
ambient-music,27-Oct-2021 12:23:53,a923-45b7-gh12-2106
ambient-music,27-Oct-2021 12:23:58,a923-45b7-gh12-2108
ambient-music,27-Oct-2021 12:24:02,a923-45b7-gh12-2110
ambient-music,27-Oct-2021 12:24:05,a923-45b7-gh12-2112
ambient-music,27-Oct-2021 12:24:09,a923-45b7-gh12-2114
ambient-music,27-Oct-2021 12:24:14,a923-45b7-gh12-2116
ambient-music,27-Oct-2021 12:24:18,a923-45b7-gh12-2118
ambient-music,27-Oct-2021 12:24:21,a923-45b7-gh12-2120
ambient-music,27-Oct-2021 12:24:26,a923-45b7-gh12-2122
ambient-music,27-Oct-2021 12:24:30,a923-45b7-gh12-2124
ambient-music,27-Oct-2021 12:24:34,a923-45b7-gh12-2126
ambient-music,27-Oct-2021 12:24:38,a923-45b7-gh12-2128
ambient-music,27-Oct-2021 12:24:41,a923-45b7-gh12-2130
ambient-music,27-Oct-2021 12:24:46,a923-45b7-gh12-2132
ambient-music,27-Oct-2021 12:24:49,a923-45b7-gh12-2134
ambient-music,27-Oct-2021 12:24:54,a923-45b7-gh12-2136
ambient-music,27-Oct-2021 12:24:58,a923-45b7-gh12-2138
ambient-music,27-Oct-2021 12:25:01,a923-45b7-gh12-2140
ambient-music,27-Oct-2021 12:25:06,a923-45b7-gh12-2142
ambient-music,27-Oct-2021 12:25:10,a923-45b7-gh12-2144
ambient-music,27-Oct-2021 12:25:13,a923-45b7-gh12-2146
ambient-music,27-Oct-2021 12:25:18,a923-45b7-gh12-2148
ambient-music,27-Oct-2021 12:25:22,a923-45b7-gh12-2150
ambient-music,27-Oct-2021 12:25:25,a923-45b7-gh12-2152
ambient-music,27-Oct-2021 12:25:29,a923-45b7-gh12-2154
ambient-music,27-Oct-2021 12:25:33,a923-45b7-gh12-2156
ambient-music,27-Oct-2021 12:25:38,a923-45b7-gh12-2158
ambient-music,27-Oct-2021 12:25:42,a923-45b7-gh12-2160
ambient-music,27-Oct-2021 12:25:46,a923-45b7-gh12-2162
ambient-music,27-Oct-2021 12:25:50,a923-45b7-gh12-2164
ambient-music,27-Oct-2021 12:25:53,a923-45b7-gh12-2166
ambient-music,27-Oct-2021 12:25:57,a923-45b7-gh12-2168
ambient-music,27-Oct-2021 12:26:02,a923-45b7-gh12-2170
ambient-music,27-Oct-2021 12:26:05,a923-45b7-gh12-2172
ambient-music,27-Oct-2021 12:26:10,a923-45b7-gh12-2174
ambient-music,27-Oct-2021 12:26:13,a923-45b7-gh12-2176
ambient-music,27-Oct-2021 12:26:18,a923-45b7-gh12-2178
ambient-music,27-Oct-2021 12:26:21,a923-45b7-gh12-2180
ambient-music,27-Oct-2021 12:26:25,a923-45b7-gh12-2182
ambient-music,27-Oct-2021 12:26:29,a923-45b7-gh12-2184
ambient-music,27-Oct-2021 12:26:34,a923-45b7-gh12-2186
ambient-music,27-Oct-2021 12:26:38,a923-45b7-gh12-2188
ambient-music,27-Oct-2021 12:26:42,a923-45b7-gh12-2190
ambient-music,27-Oct-2021 12:26:46,a923-45b7-gh12-2192
ambient-music,27-Oct-2021 12:26:49,a923-45b7-gh12-2194
ambient-music,27-Oct-2021 12:26:54,a923-45b7-gh12-2196
ambient-music,27-Oct-2021 12:26:57,a923-45b7-gh12-2198
ambient-music,27-Oct-2021 12:27:01,a923-45b7-gh12-2200
ambient-music,27-Oct-2021 12:27:05,a923-45b7-gh12-2202
ambient-music,27-Oct-2021 12:27:09,a923-45b7-gh12-2204
ambient-music,27-Oct-2021 12:27:14,a923-45b7-gh12-2206
ambient-music,27-Oct-2021 12:27:18,a923-45b7-gh12-2208
ambient-music,27-Oct-2021 12:27:21,a923-45b7-gh12-2210
ambient-music,27-Oct-2021 12:27:25,a923-45b7-gh12-2212
ambient-music,27-Oct-2021 12:27:30,a923-45b7-gh12-2214
ambient-music,27-Oct-2021 12:27:33,a923-45b7-gh12-2216
ambient-music,27-Oct-2021 12:27:38,a923-45b7-gh12-2218
ambient-music,27-Oct-2021 12:27:41,a923-45b7-gh12-2220
ambient-music,27-Oct-2021 12:27:46,a923-45b7-gh12-2222
ambient-music,27-Oct-2021 12:27:49,a923-45b7-gh12-2224
ambient-music,27-Oct-2021 12:27:54,a923-45b7-gh12-2226
ambient-music,27-Oct-2021 12:27:58,a923-45b7-gh12-2228
ambient-music,27-Oct-2021 12:28:02,a923-45b7-gh12-2230
ambient-music,27-Oct-2021 12:28:05,a923-45b7-gh12-2232
ambient-music,27-Oct-2021 12:28:10,a923-45b7-gh12-2234
ambient-music,27-Oct-2021 12:28:14,a923-45b7-gh12-2236
ambient-music,27-Oct-2021 12:28:17,a923-45b7-gh12-2238
ambient-music,27-Oct-2021 12:28:21,a923-45b7-gh12-2240
ambient-music,27-Oct-2021 12:28:26,a923-45b7-gh12-2242
ambient-music,27-Oct-2021 12:28:30,a923-45b7-gh12-2244
ambient-music,27-Oct-2021 12:28:33,a923-45b7-gh12-2246
ambient-music,27-Oct-2021 12:28:37,a923-45b7-gh12-2248
ambient-music,27-Oct-2021 12:28:42,a923-45b7-gh12-2250
ambient-music,27-Oct-2021 12:28:45,a923-45b7-gh12-2252
ambient-music,27-Oct-2021 12:28:50,a923-45b7-gh12-2254
ambient-music,27-Oct-2021 12:28:54,a923-45b7-gh12-2256
ambient-music,27-Oct-2021 12:28:58,a923-45b7-gh12-2258
ambient-music,27-Oct-2021 12:29:02,a923-45b7-gh12-2260
ambient-music,27-Oct-2021 12:29:06,a923-45b7-gh12-2262
ambient-music,27-Oct-2021 12:29:10,a923-45b7-gh12-2264
ambient-music,27-Oct-2021 12:29:14,a923-45b7-gh12-2266
ambient-music,27-Oct-2021 12:29:18,a923-45b7-gh12-2268
ambient-music,27-Oct-2021 12:29:21,a923-45b7-gh12-2270
ambient-music,27-Oct-2021 12:29:25,a923-45b7-gh12-2272
ambient-music,27-Oct-2021 12:29:30,a923-45b7-gh12-2274
ambient-music,27-Oct-2021 12:29:34,a923-45b7-gh12-2276
ambient-music,27-Oct-2021 12:29:37,a923-45b7-gh12-2278
ambient-music,27-Oct-2021 12:29:42,a923-45b7-gh12-2280
ambient-music,27-Oct-2021 12:29:46,a923-45b7-gh12-2282
ambient-music,27-Oct-2021 12:29:49,a923-45b7-gh12-2284
ambient-music,27-Oct-2021 12:29:54,a923-45b7-gh12-2286
ambient-music,27-Oct-2021 12:29:57,a923-45b7-gh12-2288
ambient-music,27-Oct-2021 12:30:02,a923-45b7-gh12-2290
ambient-music,27-Oct-2021 12:30:06,a923-45b7-gh12-2292
ambient-music,27-Oct-2021 12:30:09,a923-45b7-gh12-2294
ambient-music,27-Oct-2021 12:30:13,a923-45b7-gh12-2296
ambient-music,27-Oct-2021 12:30:18,a923-45b7-gh12-2298
ambient-music,27-Oct-2021 12:30:21,a923-45b7-gh12-2300
ambient-music,27-Oct-2021 12:30:25,a923-45b7-gh12-2302
ambient-music,27-Oct-2021 12:30:30,a923-45b7-gh12-2304
ambient-music,27-Oct-2021 12:30:33,a923-45b7-gh12-2306
ambient-music,27-Oct-2021 12:30:37,a923-45b7-gh12-2308
ambient-music,27-Oct-2021 12:30:41,a923-45b7-gh12-2310
ambient-music,27-Oct-2021 12:30:46,a923-45b7-gh12-2312
ambient-music,27-Oct-2021 12:30:50,a923-45b7-gh12-2314
ambient-music,27-Oct-2021 12:30:54,a923-45b7-gh12-2316
ambient-music,27-Oct-2021 12:30:58,a923-45b7-gh12-2318
ambient-music,27-Oct-2021 12:31:01,a923-45b7-gh12-2320
ambient-music,27-Oct-2021 12:31:06,a923-45b7-gh12-2322
ambient-music,27-Oct-2021 12:31:10,a923-45b7-gh12-2324
ambient-music,27-Oct-2021 12:31:14,a923-45b7-gh12-2326
ambient-music,27-Oct-2021 12:31:17,a923-45b7-gh12-2328
ambient-music,27-Oct-2021 12:31:22,a923-45b7-gh12-2330
ambient-music,27-Oct-2021 12:31:25,a923-45b7-gh12-2332
ambient-music,27-Oct-2021 12:31:30,a923-45b7-gh12-2334
ambient-music,27-Oct-2021 12:31:34,a923-45b7-gh12-2336
ambient-music,27-Oct-2021 12:31:38,a923-45b7-gh12-2338
ambient-music,27-Oct-2021 12:31:41,a923-45b7-gh12-2340
ambient-music,27-Oct-2021 12:31:46,a923-45b7-gh12-2342
ambient-music,27-Oct-2021 12:31:50,a923-45b7-gh12-2344
ambient-music,27-Oct-2021 12:31:53,a923-45b7-gh12-2346
ambient-music,27-Oct-2021 12:31:57,a923-45b7-gh12-2348
ambient-music,27-Oct-2021 12:32:02,a923-45b7-gh12-2350
ambient-music,27-Oct-2021 12:32:05,a923-45b7-gh12-2352
ambient-music,27-Oct-2021 12:32:09,a923-45b7-gh12-2354
ambient-music,27-Oct-2021 12:32:14,a923-45b7-gh12-2356
ambient-music,27-Oct-2021 12:32:18,a923-45b7-gh12-2358
ambient-music,27-Oct-2021 12:32:21,a923-45b7-gh12-2360
ambient-music,27-Oct-2021 12:32:25,a923-45b7-gh12-2362
ambient-music,27-Oct-2021 12:32:30,a923-45b7-gh12-2364
ambient-music,27-Oct-2021 12:32:34,a923-45b7-gh12-2366
ambient-music,27-Oct-2021 12:32:37,a923-45b7-gh12-2368
ambient-music,27-Oct-2021 12:32:41,a923-45b7-gh12-2370
ambient-music,27-Oct-2021 12:32:45,a923-45b7-gh12-2372
ambient-music,27-Oct-2021 12:32:50,a923-45b7-gh12-2374
ambient-music,27-Oct-2021 12:32:53,a923-45b7-gh12-2376
ambient-music,27-Oct-2021 12:32:57,a923-45b7-gh12-2378
ambient-music,27-Oct-2021 12:33:01,a923-45b7-gh12-2380
ambient-music,27-Oct-2021 12:33:06,a923-45b7-gh12-2382
ambient-music,27-Oct-2021 12:33:10,a923-45b7-gh12-2384
ambient-music,27-Oct-2021 12:33:14,a923-45b7-gh12-2386
ambient-music,27-Oct-2021 12:33:17,a923-45b7-gh12-2388
ambient-music,27-Oct-2021 12:33:21,a923-45b7-gh12-2390
ambient-music,27-Oct-2021 12:33:26,a923-45b7-gh12-2392
ambient-music,27-Oct-2021 12:33:29,a923-45b7-gh12-2394
ambient-music,27-Oct-2021 12:33:33,a923-45b7-gh12-2396
ambient-music,27-Oct-2021 12:33:37,a923-45b7-gh12-2398
ambient-music,27-Oct-2021 12:33:42,a923-45b7-gh12-2400
ambient-music,27-Oct-2021 12:33:46,a923-45b7-gh12-2402
ambient-music,27-Oct-2021 12:33:49,a923-45b7-gh12-2404
ambient-music,27-Oct-2021 12:33:53,a923-45b7-gh12-2406
ambient-music,27-Oct-2021 12:33:58,a923-45b7-gh12-2408
ambient-music,27-Oct-2021 12:34:02,a923-45b7-gh12-2410
ambient-music,27-Oct-2021 12:34:05,a923-45b7-gh12-2412
ambient-music,27-Oct-2021 12:34:10,a923-45b7-gh12-2414
ambient-music,27-Oct-2021 12:34:13,a923-45b7-gh12-2416
ambient-music,27-Oct-2021 12:34:17,a923-45b7-gh12-2418
ambient-music,27-Oct-2021 12:34:22,a923-45b7-gh12-2420
ambient-music,27-Oct-2021 12:34:26,a923-45b7-gh12-2422
ambient-music,27-Oct-2021 12:34:30,a923-45b7-gh12-2424
ambient-music,27-Oct-2021 12:34:33,a923-45b7-gh12-2426
